Parbhez, parbhez@gmail.com 
Masud, Masud.affb@gmail.com 
Shakil, shakil@gmail.com 
shohag, shohag.affb@gmail.com 
Saiful, saiful.affb@gmail.com 
Maruf, maruf@gmail.com 
Shohan, shohan@gmail.com 
